order_id,customer_id,order_date,order_status,order_amount
1001,647,2023-01-07,Pending,858.15
1002,588,2025-04-15,Pending,714.66
1003,152,2024-06-07,Pending,811.63
1004,11,2023-12-06,Shipped,564.25
1005,184,2025-04-28,Completed,316.44
1006,309,2022-12-08,Shipped,921.04
1007,551,2022-11-24,Cancelled,650.6
1008,115,2023-07-24,Completed,559.53
1009,341,2024-01-04,Cancelled,622.81
1010,896,2023-04-23,Completed,10.77
1011,951,2023-12-10,Cancelled,576.36
1012,87,2024-02-23,Completed,690.99
1013,622,2024-03-11,Cancelled,535.75
1014,850,2025-04-18,Completed,993.01
1015,750,2024-09-08,Cancelled,519.91
1016,93,2022-12-02,Completed,740.48
1017,86,2024-01-23,Pending,462.0
1018,68,2024-11-02,Pending,959.16
1019,917,2024-09-26,Shipped,23.52
1020,665,2023-08-12,Pending,96.15
1021,907,2022-08-31,Completed,461.15
1022,262,2024-05-11,Pending,58.96
1023,418,2024-01-26,Shipped,284.23
1024,716,2022-12-02,Cancelled,681.03
1025,857,2023-10-25,Completed,264.82
1026,504,2022-07-04,Cancelled,419.52
1027,539,2023-04-02,Pending,883.28
1028,199,2024-04-22,Completed,338.92
1029,152,2022-06-03,Pending,566.68
1030,651,2023-12-01,Completed,341.33
1031,312,2024-08-06,Pending,207.75
1032,58,2022-10-03,Shipped,213.71
1033,197,2025-02-27,Completed,112.11
1034,861,2023-05-27,Completed,694.58
1035,95,2023-10-01,Pending,333.79
1036,520,2023-09-22,Cancelled,387.79
1037,966,2024-10-16,Completed,970.19
1038,647,2024-12-27,Cancelled,333.41
1039,47,2024-06-17,Cancelled,521.76
1040,677,2022-10-31,Shipped,281.61
1041,755,2025-03-24,Pending,507.48
1042,123,2022-09-17,Shipped,605.02
1043,283,2023-10-16,Completed,421.57
1044,542,2024-07-05,Cancelled,497.44
1045,236,2023-02-12,Pending,109.53
1046,370,2024-07-01,Shipped,771.78
1047,454,2023-07-23,Pending,391.36
1048,236,2023-08-15,Shipped,112.51
1049,612,2022-09-12,Pending,494.49
1050,52,2024-06-13,Shipped,679.1
1051,434,2022-12-14,Completed,450.34
1052,492,2025-05-10,Cancelled,371.58
1053,946,2022-09-25,Pending,191.2
1054,169,2023-02-27,Cancelled,520.07
1055,692,2022-06-23,Shipped,950.13
1056,288,2024-06-23,Completed,171.06
1057,573,2023-05-13,Pending,996.43
1058,335,2024-04-10,Completed,566.59
1059,753,2023-09-01,Pending,752.93
1060,672,2023-06-24,Cancelled,570.67
1061,36,2024-11-19,Pending,904.08
1062,996,2023-07-19,Cancelled,936.62
1063,475,2023-02-13,Pending,230.26
1064,520,2022-08-10,Pending,814.32
1065,528,2023-08-15,Completed,83.6
1066,465,2023-12-25,Cancelled,484.06
1067,983,2024-04-17,Cancelled,846.18
1068,994,2023-12-22,Completed,408.0
1069,692,2025-01-23,Cancelled,102.71
1070,519,2024-06-27,Completed,536.92
1071,544,2024-02-15,Completed,636.21
1072,402,2022-09-30,Completed,726.19
1073,686,2023-01-15,Pending,196.8
1074,809,2024-12-21,Pending,184.67
1075,751,2024-12-15,Pending,650.31
1076,477,2023-09-12,Cancelled,382.76
1077,566,2023-01-11,Pending,957.6
1078,144,2023-10-07,Shipped,822.43
1079,566,2022-06-30,Shipped,188.69
1080,433,2023-08-19,Shipped,903.81
1081,147,2025-03-14,Cancelled,584.02
1082,693,2024-09-29,Shipped,175.34
1083,816,2022-07-12,Completed,945.77
1084,609,2024-06-05,Completed,812.21
1085,886,2022-08-09,Cancelled,55.15
1086,938,2024-02-07,Shipped,874.2
1087,692,2023-03-18,Pending,962.44
1088,940,2022-07-02,Pending,388.86
1089,738,2023-07-17,Cancelled,93.56
1090,317,2022-07-31,Completed,553.2
1091,540,2023-10-24,Cancelled,171.22
1092,686,2022-09-27,Shipped,207.95
1093,634,2023-01-01,Pending,403.67
1094,501,2022-07-11,Shipped,380.81
1095,811,2023-09-29,Cancelled,970.93
1096,203,2024-12-29,Completed,920.54
1097,522,2024-02-12,Shipped,146.82
1098,68,2024-09-13,Cancelled,568.38
1099,680,2024-08-04,Completed,309.7
1100,171,2023-01-30,Cancelled,206.06
1101,875,2023-02-13,Cancelled,42.11
1102,648,2022-06-09,Completed,284.87
1103,681,2024-11-20,Shipped,550.96
1104,256,2023-06-23,Shipped,650.8
1105,89,2024-01-31,Pending,80.1
1106,475,2023-12-24,Completed,842.64
1107,306,2024-07-17,Pending,952.54
1108,385,2023-10-19,Completed,372.93
1109,949,2022-11-30,Completed,474.92
1110,500,2024-10-17,Completed,220.9
1111,739,2024-04-02,Cancelled,335.24
1112,618,2023-05-12,Pending,600.78
1113,799,2024-04-26,Shipped,347.77
1114,409,2025-04-02,Shipped,678.04
1115,887,2022-12-19,Shipped,217.45
1116,989,2023-07-12,Completed,166.3
1117,656,2025-03-21,Pending,603.96
1118,577,2024-10-02,Completed,443.91
1119,889,2024-01-01,Cancelled,311.12
1120,15,2023-05-01,Shipped,293.01
1121,660,2025-03-29,Shipped,274.14
1122,833,2024-01-23,Completed,710.66
1123,385,2023-11-02,Pending,285.8
1124,897,2025-03-20,Completed,598.89
1125,715,2025-01-01,Pending,564.64
1126,964,2024-09-29,Cancelled,119.25
1127,440,2024-09-14,Pending,820.61
1128,526,2022-07-14,Pending,659.26
1129,685,2023-12-07,Shipped,181.33
1130,716,2022-11-23,Pending,562.67
1131,188,2024-03-02,Completed,612.95
1132,170,2022-09-15,Completed,806.49
1133,422,2024-03-31,Shipped,512.27
1134,988,2024-03-04,Shipped,333.72
1135,625,2025-02-07,Pending,473.87
1136,518,2023-07-17,Pending,441.32
1137,977,2025-04-07,Completed,894.84
1138,768,2023-06-29,Completed,522.28
1139,501,2025-02-22,Completed,578.13
1140,99,2023-06-21,Pending,170.0
1141,763,2022-09-03,Completed,72.99
1142,433,2022-07-29,Shipped,505.99
1143,376,2024-10-01,Completed,281.88
1144,470,2023-04-08,Shipped,82.04
1145,564,2023-02-11,Completed,415.7
1146,512,2024-02-03,Pending,395.07
1147,943,2023-07-09,Completed,27.13
1148,428,2025-04-24,Completed,328.55
1149,234,2022-10-20,Pending,648.3
1150,463,2022-12-11,Pending,742.23
1151,737,2024-06-14,Shipped,354.89
1152,84,2023-11-13,Shipped,851.04
1153,326,2022-09-08,Shipped,261.52
1154,321,2022-10-05,Cancelled,87.89
1155,128,2024-11-24,Completed,450.15
1156,486,2022-10-08,Shipped,313.03
1157,343,2023-01-23,Completed,486.1
1158,4,2023-11-18,Cancelled,500.87
1159,602,2023-03-12,Completed,640.31
1160,960,2023-03-16,Cancelled,28.88
1161,273,2023-06-17,Shipped,759.97
1162,44,2024-04-30,Completed,120.6
1163,241,2024-07-15,Completed,617.57
1164,590,2024-10-31,Pending,314.86
1165,234,2024-11-13,Completed,310.57
1166,37,2023-03-29,Cancelled,718.56
1167,358,2023-11-08,Cancelled,885.36
1168,934,2025-05-09,Cancelled,870.0
1169,139,2022-12-08,Pending,445.97
1170,899,2024-07-12,Completed,300.24
1171,187,2022-06-04,Shipped,127.32
1172,320,2022-06-12,Completed,10.97
1173,843,2025-01-15,Completed,291.09
1174,134,2024-06-01,Cancelled,294.28
1175,771,2024-04-02,Shipped,170.05
1176,859,2023-02-19,Completed,877.42
1177,930,2024-12-17,Pending,677.71
1178,30,2022-07-06,Pending,828.96
1179,61,2025-04-09,Shipped,570.76
1180,737,2024-06-03,Cancelled,951.96
1181,950,2025-05-11,Cancelled,346.65
1182,107,2023-04-07,Cancelled,708.38
1183,913,2022-10-22,Completed,683.5
1184,734,2022-11-10,Completed,890.43
1185,904,2024-01-28,Completed,488.76
1186,847,2024-10-12,Cancelled,775.73
1187,272,2025-04-09,Shipped,271.4
1188,214,2024-02-26,Completed,898.77
1189,145,2022-12-10,Cancelled,309.19
1190,509,2025-04-22,Cancelled,769.85
1191,672,2025-04-22,Cancelled,129.54
1192,342,2023-03-11,Pending,163.01
1193,35,2025-04-23,Cancelled,207.85
1194,610,2023-02-22,Shipped,717.25
1195,953,2025-04-20,Cancelled,31.34
1196,570,2023-10-20,Pending,712.69
1197,932,2024-06-01,Pending,265.91
1198,105,2024-06-26,Shipped,971.99
1199,29,2022-09-29,Completed,81.08
1200,900,2023-06-28,Pending,133.01
1201,385,2024-08-13,Cancelled,63.3
1202,669,2024-09-28,Shipped,836.49
1203,200,2022-12-21,Shipped,35.53
1204,625,2023-06-13,Pending,790.41
1205,887,2024-11-24,Pending,86.05
1206,405,2023-01-24,Completed,733.53
1207,843,2022-12-08,Completed,179.97
1208,644,2024-03-20,Cancelled,430.57
1209,898,2022-11-22,Shipped,452.55
1210,424,2025-01-01,Shipped,206.67
1211,497,2024-02-28,Completed,364.71
1212,49,2023-06-06,Completed,208.99
1213,795,2022-09-09,Pending,802.29
1214,993,2025-02-04,Cancelled,346.71
1215,304,2023-12-07,Completed,162.35
1216,502,2022-11-09,Completed,543.11
1217,85,2024-05-05,Shipped,586.8
1218,194,2025-04-06,Completed,875.46
1219,54,2022-06-17,Cancelled,623.05
1220,898,2024-01-11,Shipped,361.15
1221,569,2023-10-10,Shipped,587.26
1222,156,2023-06-20,Pending,522.61
1223,525,2024-10-30,Completed,221.04
1224,101,2023-12-12,Cancelled,672.93
1225,519,2022-08-28,Cancelled,65.31
1226,199,2023-05-30,Pending,424.74
1227,995,2025-02-17,Pending,695.46
1228,806,2023-06-18,Completed,481.69
1229,309,2023-05-22,Pending,41.35
1230,113,2023-11-23,Shipped,649.01
1231,212,2022-12-04,Pending,450.36
1232,55,2023-11-08,Completed,38.28
1233,480,2025-05-23,Completed,167.83
1234,409,2024-05-06,Completed,909.13
1235,96,2022-12-08,Shipped,939.74
1236,592,2023-11-01,Completed,366.02
1237,852,2023-09-07,Cancelled,21.21
1238,275,2022-10-22,Pending,921.22
1239,95,2024-04-16,Completed,812.1
1240,600,2023-12-20,Cancelled,691.17
1241,38,2023-12-03,Cancelled,376.33
1242,726,2023-08-17,Completed,276.59
1243,210,2023-03-16,Completed,517.3
1244,927,2023-09-03,Cancelled,818.97
1245,766,2024-05-19,Cancelled,696.66
1246,675,2023-07-03,Pending,227.9
1247,544,2024-02-07,Shipped,338.55
1248,257,2023-03-26,Shipped,427.19
1249,693,2024-07-02,Cancelled,237.35
1250,48,2024-05-06,Pending,595.38
1251,766,2024-02-02,Cancelled,488.04
1252,1,2024-01-16,Cancelled,586.22
1253,737,2024-05-24,Cancelled,908.48
1254,525,2023-10-03,Completed,276.67
1255,244,2023-08-17,Cancelled,681.01
1256,393,2023-02-24,Pending,139.01
1257,650,2022-07-10,Pending,836.65
1258,22,2024-04-19,Completed,332.23
1259,953,2025-04-23,Shipped,405.08
1260,351,2024-09-29,Pending,370.3
1261,13,2024-03-27,Cancelled,865.64
1262,158,2024-02-18,Pending,120.87
1263,223,2022-07-11,Cancelled,590.47
1264,621,2024-11-22,Completed,697.09
1265,272,2023-10-04,Shipped,878.14
1266,770,2023-11-16,Cancelled,27.74
1267,151,2023-12-21,Completed,81.96
1268,709,2024-10-29,Shipped,232.33
1269,336,2023-07-26,Completed,166.86
1270,608,2023-08-05,Pending,282.92
1271,438,2023-07-10,Cancelled,616.58
1272,570,2023-04-01,Pending,981.25
1273,739,2024-06-07,Cancelled,643.05
1274,758,2022-08-07,Cancelled,495.29
1275,792,2022-10-24,Shipped,595.93
1276,504,2023-07-08,Completed,868.85
1277,505,2023-04-18,Shipped,253.62
1278,184,2023-05-12,Cancelled,713.0
1279,723,2022-07-07,Completed,557.8
1280,11,2023-08-01,Cancelled,941.92
1281,176,2024-04-01,Completed,719.79
1282,13,2022-12-23,Completed,689.3
1283,840,2024-05-18,Pending,417.94
1284,761,2024-11-08,Pending,115.13
1285,924,2025-04-15,Pending,155.96
1286,670,2023-12-01,Completed,720.54
1287,945,2023-08-17,Pending,98.86
1288,92,2025-02-06,Shipped,994.41
1289,859,2023-02-04,Shipped,404.59
1290,358,2024-11-15,Pending,278.1
1291,981,2022-07-29,Cancelled,789.28
1292,940,2024-08-21,Cancelled,63.61
1293,106,2023-02-12,Shipped,35.98
1294,498,2025-02-13,Pending,989.52
1295,308,2024-04-26,Cancelled,967.49
1296,276,2025-01-14,Cancelled,38.31
1297,52,2025-03-14,Pending,748.09
1298,351,2023-10-28,Completed,281.42
1299,30,2023-12-23,Shipped,767.57
1300,280,2024-05-30,Shipped,224.67
1301,551,2024-01-03,Pending,884.97
1302,518,2024-12-17,Pending,903.02
1303,66,2025-01-27,Cancelled,513.24
1304,624,2025-02-09,Shipped,723.43
1305,199,2022-08-31,Pending,353.01
1306,722,2023-08-07,Pending,86.84
1307,622,2025-01-01,Completed,881.67
1308,860,2022-06-28,Pending,198.74
1309,577,2022-12-26,Completed,406.29
1310,490,2023-11-08,Pending,670.98
1311,456,2023-12-05,Cancelled,155.64
1312,548,2024-06-10,Pending,36.48
1313,430,2024-04-23,Cancelled,690.17
1314,893,2023-02-04,Shipped,90.59
1315,496,2024-10-25,Cancelled,820.99
1316,493,2024-02-03,Pending,468.69
1317,957,2024-07-11,Cancelled,465.56
1318,361,2022-10-01,Shipped,726.15
1319,541,2025-03-09,Shipped,580.0
1320,397,2023-10-30,Cancelled,872.14
1321,504,2022-10-13,Cancelled,194.67
1322,182,2025-04-08,Pending,268.57
1323,516,2022-08-24,Shipped,732.5
1324,916,2025-02-12,Shipped,544.38
1325,490,2022-07-30,Pending,512.14
1326,913,2024-03-25,Cancelled,168.04
1327,374,2023-09-30,Pending,422.94
1328,403,2024-06-27,Cancelled,94.72
1329,131,2022-11-18,Cancelled,291.73
1330,294,2022-07-14,Completed,496.8
1331,761,2024-04-16,Shipped,119.45
1332,629,2024-05-15,Shipped,736.68
1333,1000,2023-01-30,Pending,183.89
1334,961,2024-02-02,Shipped,223.68
1335,734,2022-07-20,Cancelled,842.62
1336,53,2024-08-09,Shipped,186.57
1337,340,2025-03-17,Pending,339.84
1338,495,2022-12-22,Completed,518.14
1339,912,2024-05-09,Completed,682.92
1340,662,2023-04-18,Completed,910.47
1341,1,2023-06-01,Cancelled,677.67
1342,613,2022-12-21,Pending,282.23
1343,565,2024-07-11,Shipped,520.37
1344,119,2023-10-11,Pending,241.96
1345,583,2023-09-08,Pending,811.08
1346,702,2023-03-02,Cancelled,955.86
1347,263,2025-02-21,Pending,366.41
1348,124,2025-04-06,Completed,260.3
1349,824,2022-07-11,Completed,129.11
1350,504,2024-10-30,Shipped,506.1
1351,329,2024-06-02,Shipped,196.81
1352,539,2022-06-29,Pending,503.73
1353,402,2024-12-16,Pending,369.02
1354,730,2023-04-26,Cancelled,150.85
1355,248,2022-09-06,Pending,445.87
1356,42,2023-04-26,Cancelled,509.24
1357,599,2024-02-24,Pending,61.24
1358,931,2023-01-09,Pending,479.94
1359,351,2024-10-30,Shipped,867.37
1360,195,2025-03-08,Completed,394.18
1361,676,2022-10-18,Pending,250.1
1362,744,2022-11-18,Completed,437.17
1363,994,2022-12-29,Cancelled,929.81
1364,418,2024-05-24,Completed,90.1
1365,250,2024-08-26,Pending,356.54
1366,94,2023-03-05,Cancelled,918.13
1367,931,2025-03-05,Pending,387.83
1368,838,2023-10-09,Completed,395.99
1369,389,2024-04-30,Pending,54.49
1370,245,2023-01-23,Cancelled,215.52
1371,695,2022-09-25,Completed,752.99
1372,578,2025-02-06,Completed,182.67
1373,665,2024-07-08,Cancelled,126.19
1374,74,2022-09-29,Completed,394.11
1375,689,2022-12-06,Cancelled,992.22
1376,676,2024-05-14,Completed,492.01
1377,285,2024-07-04,Pending,276.14
1378,854,2023-07-19,Cancelled,555.14
1379,50,2025-03-13,Pending,249.78
1380,363,2023-02-08,Cancelled,542.07
1381,968,2024-07-06,Pending,160.5
1382,565,2025-04-07,Pending,601.07
1383,776,2023-05-01,Completed,744.28
1384,633,2023-08-07,Completed,578.1
1385,40,2025-04-22,Shipped,704.1
1386,965,2023-02-19,Cancelled,615.46
1387,754,2022-10-01,Completed,948.82
1388,753,2023-10-14,Completed,106.57
1389,743,2024-06-01,Completed,660.2
1390,459,2023-01-12,Pending,95.65
1391,499,2024-02-06,Pending,907.87
1392,608,2025-01-02,Shipped,800.72
1393,176,2023-08-31,Cancelled,142.48
1394,164,2023-01-08,Cancelled,518.31
1395,383,2023-11-04,Cancelled,206.57
1396,759,2022-06-24,Completed,42.33
1397,354,2023-01-28,Completed,879.81
1398,789,2023-05-28,Shipped,148.11
1399,157,2024-12-12,Pending,69.03
1400,852,2025-04-15,Pending,886.93
1401,280,2025-05-13,Pending,223.33
1402,192,2023-03-02,Cancelled,990.64
1403,681,2023-01-09,Shipped,352.92
1404,393,2025-02-08,Shipped,489.31
1405,490,2023-01-06,Pending,341.81
1406,305,2022-08-21,Cancelled,133.08
1407,490,2023-04-24,Completed,788.55
1408,751,2024-02-09,Cancelled,314.63
1409,150,2023-01-29,Completed,586.79
1410,536,2024-10-31,Completed,187.71
1411,52,2023-03-28,Cancelled,355.9
1412,444,2024-10-01,Shipped,885.97
1413,897,2024-09-20,Pending,250.27
1414,100,2024-10-13,Pending,853.0
1415,489,2023-07-13,Pending,374.17
1416,993,2023-01-01,Shipped,154.78
1417,341,2022-10-28,Completed,492.17
1418,978,2023-06-24,Cancelled,423.53
1419,612,2024-08-12,Pending,376.99
1420,874,2024-04-07,Shipped,485.75
1421,190,2023-05-09,Completed,517.92
1422,714,2023-03-13,Completed,291.4
1423,553,2025-05-04,Cancelled,647.75
1424,81,2024-09-19,Completed,985.98
1425,254,2025-02-20,Cancelled,552.31
1426,238,2024-04-02,Completed,467.02
1427,998,2023-06-18,Pending,354.44
1428,116,2024-08-17,Pending,948.77
1429,609,2022-10-13,Completed,120.19
1430,452,2025-04-17,Pending,797.16
1431,670,2024-07-01,Pending,664.57
1432,966,2023-01-13,Pending,254.06
1433,318,2024-08-02,Shipped,482.0
1434,462,2022-10-30,Pending,776.54
1435,202,2024-02-01,Pending,929.54
1436,731,2024-08-05,Cancelled,476.48
1437,662,2023-07-11,Completed,499.95
1438,259,2022-09-09,Pending,900.4
1439,692,2022-07-01,Completed,130.3
1440,883,2024-05-05,Completed,831.0
1441,41,2022-10-04,Cancelled,879.77
1442,558,2023-03-12,Completed,476.16
1443,833,2024-12-29,Shipped,273.4
1444,390,2022-08-02,Shipped,983.94
1445,669,2024-12-07,Completed,593.25
1446,799,2025-03-26,Completed,966.03
1447,950,2023-01-22,Pending,420.82
1448,551,2023-11-20,Completed,629.22
1449,734,2022-11-04,Completed,658.65
1450,713,2024-04-16,Pending,800.73
1451,405,2023-04-23,Pending,959.73
1452,858,2022-07-31,Shipped,584.01
1453,85,2024-04-26,Completed,939.6
1454,579,2025-03-15,Completed,808.07
1455,772,2024-08-21,Cancelled,100.74
1456,700,2024-05-24,Pending,605.92
1457,983,2023-07-05,Cancelled,661.23
1458,355,2022-06-15,Pending,842.38
1459,494,2023-09-09,Cancelled,27.37
1460,898,2025-03-18,Pending,367.23
1461,57,2024-10-22,Cancelled,273.67
1462,519,2023-11-03,Pending,810.16
1463,204,2023-05-18,Shipped,745.63
1464,547,2023-06-13,Cancelled,814.62
1465,461,2023-03-30,Cancelled,705.33
1466,530,2023-10-30,Completed,65.33
1467,245,2024-06-30,Cancelled,646.32
1468,685,2023-12-06,Shipped,67.48
1469,874,2023-07-05,Shipped,369.1
1470,254,2025-03-07,Pending,653.54
1471,110,2022-12-18,Pending,534.59
1472,353,2024-04-12,Completed,775.43
1473,915,2023-04-06,Shipped,991.34
1474,169,2025-04-12,Shipped,641.28
1475,382,2023-10-07,Pending,975.03
1476,526,2023-03-16,Shipped,554.16
1477,537,2022-07-21,Completed,745.16
1478,504,2025-01-26,Completed,297.08
1479,943,2025-04-27,Cancelled,336.14
1480,532,2022-10-02,Pending,954.72
1481,608,2023-07-15,Cancelled,322.93
1482,162,2023-03-25,Cancelled,286.29
1483,959,2023-08-05,Completed,480.6
1484,496,2023-02-14,Shipped,699.98
1485,182,2023-06-14,Cancelled,770.59
1486,576,2023-01-13,Completed,259.69
1487,721,2023-09-19,Completed,931.75
1488,867,2023-09-13,Pending,223.3
1489,443,2023-01-13,Shipped,889.4
1490,674,2023-06-22,Cancelled,265.68
1491,142,2022-10-03,Cancelled,430.95
1492,226,2024-10-24,Shipped,881.64
1493,606,2023-10-12,Cancelled,888.17
1494,614,2023-09-19,Cancelled,481.88
1495,428,2023-10-04,Cancelled,455.78
1496,87,2024-09-18,Completed,848.66
1497,399,2025-02-04,Completed,699.6
1498,859,2025-04-26,Cancelled,887.63
1499,509,2022-12-29,Shipped,259.88
1500,716,2023-04-28,Shipped,86.8
1501,584,2022-09-25,Shipped,409.57
1502,13,2024-07-29,Pending,763.6
1503,78,2024-01-18,Shipped,311.93
1504,322,2023-08-21,Cancelled,440.23
1505,784,2022-06-09,Shipped,254.21
1506,880,2022-10-29,Cancelled,626.38
1507,419,2022-10-21,Pending,403.46
1508,269,2024-07-09,Cancelled,890.38
1509,192,2022-11-03,Pending,538.89
1510,569,2022-10-28,Completed,377.02
1511,877,2024-09-19,Cancelled,689.01
1512,191,2024-05-28,Cancelled,563.9
1513,2,2025-05-10,Pending,590.96
1514,659,2023-11-19,Cancelled,120.69
1515,618,2024-11-18,Completed,282.57
1516,193,2024-09-19,Completed,523.44
1517,655,2022-08-23,Shipped,185.31
1518,650,2023-02-28,Completed,35.73
1519,53,2022-09-05,Pending,961.89
1520,879,2024-01-12,Pending,637.06
1521,662,2022-11-13,Cancelled,991.62
1522,747,2025-03-22,Shipped,564.75
1523,496,2024-10-21,Cancelled,916.52
1524,64,2023-02-09,Pending,764.98
1525,353,2022-11-05,Pending,978.8
1526,405,2024-03-21,Cancelled,192.09
1527,611,2024-01-25,Cancelled,263.05
1528,300,2025-01-22,Pending,479.4
1529,511,2023-08-22,Completed,820.34
1530,828,2024-07-02,Shipped,355.86
1531,698,2022-10-10,Completed,499.89
1532,811,2024-05-16,Pending,452.5
1533,51,2023-10-11,Shipped,537.96
1534,433,2023-03-29,Completed,779.67
1535,210,2022-10-11,Cancelled,731.96
1536,348,2023-11-20,Shipped,828.68
1537,634,2023-10-18,Pending,678.93
1538,920,2022-05-26,Pending,104.24
1539,229,2022-09-03,Shipped,491.92
1540,607,2025-01-30,Completed,682.16
1541,872,2022-05-24,Cancelled,220.18
1542,443,2024-06-22,Pending,544.47
1543,934,2025-01-02,Completed,302.2
1544,929,2023-06-17,Completed,300.35
1545,124,2023-12-25,Cancelled,613.41
1546,239,2024-01-28,Pending,260.58
1547,163,2023-05-08,Cancelled,700.72
1548,139,2023-03-24,Shipped,94.89
1549,716,2023-04-21,Pending,82.83
1550,732,2023-10-03,Pending,467.23
1551,141,2025-04-13,Pending,620.18
1552,673,2023-07-27,Completed,538.4
1553,455,2023-04-27,Pending,696.75
1554,542,2023-12-28,Completed,508.46
1555,181,2024-11-03,Completed,32.91
1556,978,2024-04-01,Shipped,658.86
1557,816,2024-11-30,Pending,478.5
1558,68,2024-09-20,Completed,122.63
1559,968,2024-09-27,Cancelled,247.79
1560,53,2024-04-26,Cancelled,999.91
1561,400,2024-01-13,Pending,957.33
1562,648,2024-04-23,Shipped,613.41
1563,935,2024-03-23,Pending,285.16
1564,639,2022-11-06,Shipped,675.38
1565,225,2023-12-14,Cancelled,704.14
1566,396,2023-05-23,Cancelled,814.63
1567,146,2024-11-15,Pending,903.53
1568,728,2023-10-03,Pending,848.37
1569,797,2025-04-28,Pending,622.73
1570,843,2023-11-01,Pending,365.55
1571,482,2023-08-31,Pending,708.29
1572,508,2023-08-30,Shipped,744.44
1573,259,2023-11-28,Shipped,455.79
1574,449,2023-08-03,Cancelled,394.78
1575,178,2022-08-23,Completed,552.1
1576,313,2024-08-01,Cancelled,678.44
1577,456,2022-12-23,Shipped,694.84
1578,425,2024-07-14,Cancelled,292.27
1579,11,2024-05-02,Pending,826.05
1580,729,2023-01-09,Cancelled,108.26
1581,469,2022-09-14,Shipped,920.77
1582,381,2024-09-11,Shipped,848.96
1583,673,2022-10-31,Cancelled,952.46
1584,659,2024-03-19,Shipped,837.59
1585,537,2024-06-12,Completed,383.98
1586,625,2024-11-21,Pending,68.34
1587,612,2024-12-16,Cancelled,17.84
1588,489,2025-03-02,Completed,71.5
1589,570,2023-03-23,Pending,540.84
1590,781,2022-08-01,Completed,524.5
1591,932,2024-07-27,Cancelled,578.69
1592,287,2024-12-06,Pending,804.49
1593,97,2024-05-17,Shipped,383.29
1594,533,2022-08-22,Cancelled,627.6
1595,365,2023-12-15,Cancelled,278.73
1596,56,2022-07-10,Shipped,476.08
1597,73,2023-03-12,Completed,484.34
1598,764,2024-12-16,Completed,423.87
1599,633,2023-04-26,Shipped,687.12
1600,220,2023-09-30,Completed,769.78
1601,21,2023-08-17,Shipped,148.41
1602,168,2022-10-31,Shipped,239.7
1603,380,2023-07-18,Shipped,323.39
1604,529,2023-07-24,Pending,874.08
1605,446,2023-11-14,Shipped,334.16
1606,705,2022-11-27,Cancelled,897.67
1607,193,2024-03-19,Completed,448.25
1608,714,2024-02-26,Completed,641.12
1609,171,2024-11-24,Cancelled,649.41
1610,421,2023-04-21,Cancelled,23.22
1611,29,2025-05-09,Cancelled,131.2
1612,585,2024-12-12,Pending,518.45
1613,145,2023-11-03,Pending,968.24
1614,59,2024-08-17,Pending,601.35
1615,669,2024-04-09,Shipped,329.39
1616,453,2023-07-13,Completed,270.67
1617,128,2023-02-21,Completed,991.33
1618,729,2025-05-16,Pending,155.21
1619,38,2024-09-04,Completed,253.73
1620,665,2023-08-04,Pending,267.22
1621,900,2022-09-25,Cancelled,689.56
1622,525,2023-04-24,Cancelled,209.79
1623,980,2022-08-12,Completed,43.21
1624,389,2025-02-15,Completed,721.5
1625,619,2023-05-16,Cancelled,550.66
1626,885,2024-10-25,Completed,935.38
1627,645,2023-07-05,Completed,839.31
1628,692,2022-11-14,Shipped,373.43
1629,540,2022-06-21,Shipped,437.77
1630,298,2023-09-19,Shipped,139.63
1631,865,2022-10-31,Cancelled,414.2
1632,134,2025-05-04,Pending,526.25
1633,789,2024-01-20,Pending,447.18
1634,907,2023-04-28,Completed,760.14
1635,127,2023-08-08,Shipped,105.93
1636,458,2022-08-25,Cancelled,227.15
1637,673,2024-08-10,Cancelled,668.79
1638,911,2024-06-12,Pending,94.38
1639,347,2023-10-04,Completed,520.96
1640,131,2022-06-20,Cancelled,399.73
1641,926,2024-06-20,Completed,273.71
1642,764,2023-11-06,Completed,721.46
1643,124,2025-05-15,Shipped,771.22
1644,867,2023-09-13,Cancelled,162.11
1645,441,2024-09-27,Cancelled,937.83
1646,17,2023-08-29,Pending,472.69
1647,956,2024-11-14,Cancelled,441.92
1648,678,2024-06-05,Completed,877.37
1649,529,2024-10-17,Completed,81.53
1650,444,2024-03-13,Cancelled,827.41
1651,406,2023-05-01,Shipped,576.04
1652,520,2023-05-04,Shipped,806.05
1653,64,2023-12-29,Shipped,891.35
1654,140,2024-05-22,Completed,191.47
1655,508,2024-03-02,Shipped,562.55
1656,797,2023-09-03,Shipped,810.98
1657,767,2023-01-09,Pending,922.08
1658,696,2023-05-16,Pending,145.73
1659,273,2024-07-23,Shipped,298.9
1660,305,2022-11-15,Pending,735.66
1661,604,2024-10-07,Completed,560.42
1662,431,2024-02-15,Shipped,567.63
1663,502,2025-03-14,Shipped,639.23
1664,602,2024-06-06,Pending,417.28
1665,966,2023-11-18,Cancelled,794.96
1666,91,2022-10-25,Cancelled,978.36
1667,377,2022-12-29,Shipped,284.96
1668,910,2023-06-04,Cancelled,767.17
1669,111,2024-02-10,Pending,69.65
1670,579,2024-10-08,Shipped,632.9
1671,482,2022-12-26,Completed,798.33
1672,560,2023-08-09,Completed,98.58
1673,65,2024-11-25,Shipped,697.82
1674,369,2024-03-30,Completed,146.52
1675,695,2023-04-09,Shipped,946.02
1676,632,2023-09-14,Cancelled,851.61
1677,950,2024-04-14,Completed,896.33
1678,607,2023-12-06,Cancelled,267.78
1679,904,2023-04-09,Pending,452.47
1680,697,2024-02-16,Shipped,540.3
1681,17,2023-02-23,Pending,484.27
1682,268,2024-04-16,Pending,574.63
1683,308,2023-04-29,Shipped,945.1
1684,969,2023-08-12,Completed,304.87
1685,184,2024-07-05,Pending,117.55
1686,711,2023-06-26,Shipped,363.59
1687,634,2023-11-05,Pending,211.13
1688,792,2024-04-12,Shipped,418.76
1689,72,2023-12-31,Completed,25.32
1690,719,2023-02-13,Pending,23.5
1691,246,2025-02-14,Shipped,206.29
1692,167,2023-12-18,Pending,860.11
1693,931,2023-12-30,Pending,725.08
1694,862,2023-01-07,Shipped,868.51
1695,313,2023-03-30,Completed,353.29
1696,921,2024-06-14,Cancelled,441.37
1697,620,2025-01-31,Completed,309.44
1698,844,2024-06-10,Completed,987.09
1699,674,2022-12-09,Cancelled,969.52
1700,968,2022-07-15,Completed,913.95
1701,605,2024-09-11,Cancelled,228.44
1702,934,2023-05-22,Pending,196.58
1703,384,2023-02-17,Cancelled,756.79
1704,432,2025-02-26,Pending,597.98
1705,935,2022-08-08,Shipped,660.14
1706,113,2024-06-24,Pending,648.25
1707,492,2022-10-16,Pending,252.66
1708,868,2023-04-17,Cancelled,873.64
1709,426,2024-09-03,Cancelled,56.71
1710,734,2023-08-09,Pending,878.14
1711,118,2024-06-07,Completed,483.32
1712,155,2024-07-26,Cancelled,43.41
1713,979,2023-02-18,Shipped,976.68
1714,121,2023-08-25,Pending,577.89
1715,956,2024-03-14,Completed,904.36
1716,26,2024-10-08,Cancelled,604.33
1717,710,2022-11-23,Cancelled,588.85
1718,369,2022-11-13,Shipped,533.01
1719,334,2022-07-15,Pending,665.87
1720,871,2022-08-24,Cancelled,809.16
1721,680,2023-09-18,Cancelled,890.5
1722,230,2024-07-19,Pending,940.05
1723,984,2024-11-25,Cancelled,160.1
1724,187,2024-03-20,Completed,526.06
1725,756,2024-03-20,Completed,727.28
1726,861,2025-02-22,Shipped,91.69
1727,90,2022-06-14,Completed,36.09
1728,968,2022-08-20,Pending,739.73
1729,676,2024-09-16,Pending,345.26
1730,926,2022-06-30,Pending,809.19
1731,292,2024-08-21,Completed,51.88
1732,194,2022-09-01,Cancelled,448.98
1733,758,2023-03-25,Completed,676.93
1734,78,2023-04-21,Pending,908.74
1735,415,2024-02-25,Pending,791.65
1736,361,2022-11-20,Pending,809.79
1737,181,2025-05-07,Pending,52.5
1738,122,2024-09-12,Pending,65.72
1739,311,2024-09-16,Pending,404.8
1740,79,2023-04-04,Cancelled,363.61
1741,473,2023-04-06,Shipped,564.12
1742,956,2023-06-21,Pending,296.34
1743,29,2023-12-26,Cancelled,519.57
1744,971,2024-10-28,Pending,672.32
1745,886,2024-10-15,Shipped,615.3
1746,810,2023-10-05,Completed,62.2
1747,18,2024-01-02,Pending,460.82
1748,619,2022-11-19,Completed,717.16
1749,984,2022-10-02,Cancelled,363.95
1750,63,2024-07-15,Shipped,90.5
1751,14,2023-11-11,Pending,261.8
1752,326,2022-11-09,Cancelled,57.75
1753,348,2023-03-31,Cancelled,391.5
1754,434,2023-03-26,Completed,654.66
1755,393,2023-05-22,Cancelled,897.98
1756,609,2023-05-23,Pending,334.0
1757,882,2024-03-09,Pending,845.66
1758,7,2024-03-25,Cancelled,337.83
1759,646,2024-01-13,Cancelled,603.94
1760,13,2023-09-16,Completed,362.31
1761,160,2023-10-24,Completed,116.28
1762,65,2024-08-07,Pending,155.68
1763,132,2023-04-25,Shipped,114.27
1764,864,2023-05-05,Pending,472.58
1765,128,2025-01-22,Shipped,46.49
1766,832,2022-06-03,Pending,871.9
1767,459,2024-08-25,Shipped,674.28
1768,182,2023-08-30,Pending,487.13
1769,305,2024-12-12,Shipped,977.02
1770,587,2022-07-17,Cancelled,239.69
1771,352,2023-02-03,Cancelled,848.54
1772,516,2024-09-16,Shipped,564.41
1773,3,2023-11-06,Shipped,263.41
1774,574,2024-01-14,Pending,914.95
1775,112,2024-07-27,Cancelled,908.81
1776,462,2024-02-21,Completed,504.9
1777,703,2022-07-31,Completed,116.92
1778,352,2023-09-25,Cancelled,252.64
1779,577,2024-06-13,Shipped,638.82
1780,615,2024-08-22,Completed,919.35
1781,928,2024-02-11,Cancelled,371.43
1782,99,2023-04-02,Shipped,629.34
1783,828,2024-02-22,Cancelled,798.94
1784,911,2024-09-14,Cancelled,124.0
1785,495,2022-08-02,Shipped,561.62
1786,356,2024-08-30,Pending,643.36
1787,729,2022-08-27,Cancelled,591.69
1788,477,2022-08-11,Pending,674.91
1789,747,2022-08-06,Completed,777.45
1790,13,2025-02-24,Shipped,114.6
1791,805,2024-02-18,Completed,834.99
1792,762,2024-08-18,Cancelled,560.02
1793,881,2024-09-02,Shipped,421.79
1794,18,2024-02-28,Completed,750.97
1795,954,2022-08-12,Cancelled,132.81
1796,218,2022-10-24,Pending,744.95
1797,384,2022-06-27,Shipped,571.76
1798,284,2023-02-16,Cancelled,257.94
1799,516,2023-07-21,Pending,453.98
1800,695,2023-12-25,Completed,369.52
1801,710,2025-04-12,Completed,921.04
1802,52,2024-03-11,Pending,717.96
1803,881,2025-03-27,Cancelled,474.43
1804,692,2022-09-19,Shipped,201.37
1805,274,2024-09-23,Shipped,481.41
1806,631,2022-11-14,Cancelled,696.37
1807,793,2023-06-25,Pending,443.22
1808,312,2022-11-18,Cancelled,39.26
1809,603,2024-06-18,Completed,235.91
1810,996,2022-12-24,Cancelled,49.41
1811,514,2023-07-17,Pending,319.31
1812,612,2023-09-02,Pending,103.38
1813,635,2022-10-17,Completed,290.34
1814,219,2023-09-01,Shipped,161.09
1815,303,2023-08-01,Shipped,754.01
1816,117,2024-05-09,Pending,907.33
1817,700,2025-03-13,Shipped,155.34
1818,249,2022-11-03,Completed,786.43
1819,277,2022-08-22,Pending,655.32
1820,272,2023-09-07,Cancelled,768.1
1821,270,2022-06-11,Shipped,552.05
1822,836,2024-05-23,Shipped,27.69
1823,925,2024-02-03,Shipped,415.92
1824,15,2023-10-18,Cancelled,380.73
1825,107,2024-11-06,Cancelled,801.12
1826,536,2024-06-16,Pending,341.16
1827,791,2022-10-23,Completed,746.49
1828,15,2023-03-11,Pending,994.74
1829,671,2025-03-24,Pending,660.78
1830,222,2022-09-27,Shipped,700.5
1831,921,2024-08-13,Completed,982.56
1832,574,2022-09-13,Pending,520.74
1833,33,2025-03-06,Cancelled,32.15
1834,608,2022-11-13,Shipped,122.83
1835,127,2023-07-11,Pending,332.82
1836,472,2022-11-29,Completed,332.11
1837,698,2023-06-03,Shipped,613.01
1838,432,2025-03-31,Shipped,494.84
1839,625,2022-09-10,Cancelled,627.17
1840,597,2023-02-06,Cancelled,554.65
1841,129,2024-01-18,Pending,137.44
1842,9,2025-01-28,Completed,228.92
1843,512,2023-01-03,Completed,24.58
1844,194,2025-02-26,Cancelled,844.34
1845,29,2024-07-22,Pending,660.46
1846,790,2023-09-24,Completed,310.5
1847,839,2022-09-09,Completed,712.4
1848,35,2024-09-01,Shipped,628.77
1849,349,2023-07-19,Pending,881.75
1850,193,2024-03-23,Completed,583.05
1851,857,2025-01-18,Cancelled,589.44
1852,778,2025-04-28,Cancelled,132.59
1853,139,2025-05-04,Cancelled,428.53
1854,334,2023-03-25,Shipped,670.05
1855,224,2024-11-13,Shipped,266.06
1856,989,2024-02-14,Shipped,93.08
1857,214,2023-05-15,Completed,611.25
1858,488,2025-04-28,Shipped,77.8
1859,407,2022-08-19,Completed,596.21
1860,3,2023-01-22,Completed,387.23
1861,23,2024-07-16,Shipped,197.06
1862,321,2023-08-17,Shipped,730.0
1863,701,2025-01-20,Pending,347.95
1864,401,2022-09-10,Completed,298.87
1865,387,2023-11-15,Shipped,242.41
1866,861,2024-02-18,Cancelled,21.68
1867,366,2024-08-21,Pending,739.58
1868,380,2023-01-09,Shipped,360.29
1869,770,2024-03-20,Pending,330.19
1870,346,2025-04-10,Pending,625.17
1871,67,2024-06-24,Completed,352.96
1872,722,2023-06-24,Shipped,580.87
1873,322,2024-07-24,Shipped,611.24
1874,523,2022-06-01,Cancelled,115.6
1875,356,2022-06-05,Completed,893.83
1876,630,2022-11-06,Pending,521.3
1877,332,2024-10-15,Pending,186.45
1878,206,2024-09-15,Completed,484.34
1879,792,2023-01-19,Shipped,200.25
1880,247,2022-07-14,Pending,217.51
1881,775,2025-02-18,Shipped,644.83
1882,582,2023-04-30,Shipped,525.22
1883,929,2024-10-09,Shipped,37.17
1884,755,2023-10-29,Completed,224.09
1885,519,2023-10-24,Shipped,716.4
1886,87,2023-09-17,Shipped,441.73
1887,757,2024-02-21,Cancelled,208.24
1888,3,2023-11-20,Completed,877.68
1889,782,2022-12-08,Cancelled,111.39
1890,541,2023-08-27,Shipped,747.61
1891,940,2022-05-26,Cancelled,230.95
1892,158,2023-04-11,Pending,175.48
1893,591,2023-09-24,Shipped,781.39
1894,226,2022-06-16,Completed,787.95
1895,152,2022-09-11,Completed,171.66
1896,263,2023-05-30,Shipped,526.31
1897,678,2023-02-25,Pending,779.75
1898,623,2022-11-24,Completed,199.68
1899,101,2024-04-23,Shipped,282.99
1900,749,2022-08-20,Shipped,491.87
1901,816,2024-05-05,Shipped,870.07
1902,540,2024-02-23,Cancelled,413.13
1903,133,2022-09-10,Cancelled,599.35
1904,552,2024-01-15,Cancelled,581.22
1905,673,2024-10-24,Cancelled,657.33
1906,170,2024-07-22,Shipped,70.42
1907,32,2022-10-17,Cancelled,823.77
1908,475,2025-03-10,Cancelled,518.48
1909,312,2022-10-05,Pending,311.76
1910,76,2024-04-07,Shipped,198.28
1911,865,2023-05-13,Pending,723.55
1912,281,2024-09-12,Completed,169.92
1913,523,2025-03-04,Pending,507.62
1914,108,2024-08-25,Cancelled,467.51
1915,339,2024-08-20,Pending,155.51
1916,286,2023-09-17,Cancelled,300.65
1917,263,2023-11-09,Shipped,54.59
1918,57,2023-09-01,Pending,155.44
1919,408,2024-06-10,Cancelled,17.81
1920,863,2024-11-16,Completed,883.69
1921,83,2024-11-26,Cancelled,648.75
1922,952,2023-01-30,Completed,945.07
1923,659,2025-03-10,Completed,885.16
1924,489,2022-12-20,Cancelled,595.7
1925,584,2024-10-21,Cancelled,826.15
1926,439,2023-05-15,Cancelled,508.77
1927,153,2024-04-23,Shipped,690.3
1928,214,2023-07-09,Completed,23.5
1929,1000,2023-07-24,Shipped,161.06
1930,75,2025-03-10,Pending,877.81
1931,581,2024-05-09,Pending,790.06
1932,864,2024-10-17,Pending,298.71
1933,209,2024-09-02,Completed,586.98
1934,615,2024-04-11,Pending,859.1
1935,590,2024-08-23,Cancelled,581.85
1936,546,2024-06-26,Completed,655.62
1937,447,2022-12-28,Shipped,722.68
1938,967,2025-01-14,Shipped,419.4
1939,235,2022-12-17,Shipped,868.51
1940,531,2023-08-29,Pending,856.57
1941,713,2022-07-06,Pending,616.07
1942,836,2024-03-02,Completed,17.2
1943,689,2022-05-26,Cancelled,855.66
1944,608,2025-05-08,Cancelled,409.28
1945,420,2025-03-18,Shipped,328.44
1946,113,2023-05-26,Cancelled,46.36
1947,875,2025-03-17,Completed,327.76
1948,980,2024-05-18,Cancelled,437.35
1949,296,2024-05-27,Completed,888.47
1950,940,2023-07-19,Shipped,753.38
1951,235,2024-07-19,Completed,294.53
1952,549,2024-09-30,Shipped,194.85
1953,607,2023-05-03,Pending,862.25
1954,320,2025-01-04,Pending,690.29
1955,832,2023-04-02,Pending,857.41
1956,975,2024-06-14,Completed,780.52
1957,278,2023-04-04,Completed,959.36
1958,339,2023-09-14,Cancelled,368.28
1959,290,2024-12-03,Pending,480.84
1960,962,2022-11-25,Pending,35.92
1961,261,2022-08-12,Shipped,167.15
1962,412,2022-05-27,Pending,350.22
1963,526,2024-04-27,Completed,778.96
1964,580,2022-11-13,Shipped,754.85
1965,838,2024-12-15,Cancelled,49.66
1966,52,2024-10-10,Cancelled,536.44
1967,260,2022-10-01,Pending,471.6
1968,116,2025-03-10,Pending,383.57
1969,850,2023-12-08,Completed,642.13
1970,719,2025-02-10,Shipped,998.23
1971,264,2024-09-12,Shipped,611.12
1972,264,2024-09-28,Pending,913.51
1973,701,2024-10-19,Shipped,982.52
1974,579,2024-11-12,Shipped,998.64
1975,721,2024-10-25,Completed,229.08
1976,281,2022-08-28,Shipped,848.98
1977,214,2024-09-10,Cancelled,391.4
1978,915,2022-12-28,Pending,507.08
1979,848,2023-04-18,Pending,304.02
1980,582,2024-05-30,Pending,980.66
1981,249,2024-04-20,Shipped,574.87
1982,645,2022-09-15,Shipped,148.61
1983,106,2023-08-31,Shipped,310.05
1984,759,2024-06-04,Shipped,21.42
1985,546,2023-07-17,Shipped,355.42
1986,412,2022-10-26,Pending,714.72
1987,345,2024-09-09,Shipped,433.29
1988,333,2025-03-15,Cancelled,962.66
1989,116,2023-11-11,Pending,331.32
1990,552,2023-09-02,Shipped,828.87
1991,58,2023-03-28,Cancelled,241.4
1992,383,2024-09-24,Shipped,200.8
1993,678,2024-10-11,Pending,501.29
1994,929,2022-09-17,Pending,544.47
1995,123,2024-09-15,Pending,57.76
1996,297,2024-02-07,Cancelled,167.11
1997,74,2023-09-09,Pending,855.95
1998,286,2022-06-16,Pending,433.99
1999,792,2025-01-02,Shipped,518.25
2000,430,2022-12-25,Cancelled,938.03
2001,641,2023-04-23,Cancelled,837.73
2002,839,2023-01-19,Pending,329.78
2003,893,2023-01-04,Shipped,34.52
2004,346,2022-08-04,Pending,505.78
2005,730,2025-03-28,Pending,821.87
2006,554,2023-04-12,Completed,788.92
2007,253,2025-04-21,Cancelled,773.55
2008,333,2024-10-10,Pending,111.24
2009,706,2022-09-08,Shipped,681.89
2010,63,2023-07-02,Shipped,481.01
2011,293,2024-03-18,Shipped,821.22
2012,313,2023-10-28,Shipped,685.73
2013,827,2022-07-01,Cancelled,553.05
2014,838,2023-02-23,Cancelled,626.3
2015,537,2025-02-14,Pending,659.97
2016,129,2023-06-08,Shipped,614.25
2017,966,2024-09-28,Shipped,969.57
2018,316,2024-12-30,Shipped,935.04
2019,694,2024-09-17,Cancelled,292.8
2020,864,2023-06-25,Shipped,501.37
2021,922,2022-08-25,Pending,290.91
2022,278,2024-08-17,Shipped,35.56
2023,624,2025-02-03,Pending,709.55
2024,462,2025-02-12,Cancelled,710.98
2025,24,2025-04-28,Cancelled,642.09
2026,887,2024-02-13,Pending,238.92
2027,496,2022-07-14,Completed,31.56
2028,832,2024-08-17,Completed,391.27
2029,548,2025-04-29,Cancelled,337.18
2030,627,2022-07-27,Completed,847.52
2031,957,2022-12-29,Cancelled,993.86
2032,370,2024-03-10,Shipped,205.07
2033,438,2023-07-15,Completed,528.29
2034,631,2024-11-20,Shipped,523.65
2035,833,2024-05-28,Shipped,199.07
2036,305,2024-10-04,Completed,141.41
2037,8,2025-01-05,Shipped,319.66
2038,182,2024-11-26,Pending,361.19
2039,401,2025-02-06,Completed,659.36
2040,811,2024-06-13,Shipped,607.86
2041,282,2023-07-09,Completed,257.64
2042,160,2025-03-12,Cancelled,744.96
2043,332,2024-11-16,Shipped,322.72
2044,691,2025-03-12,Completed,687.11
2045,902,2023-08-16,Shipped,452.74
2046,902,2023-09-10,Shipped,214.17
2047,579,2024-11-14,Shipped,329.31
2048,775,2022-12-31,Pending,998.11
2049,435,2023-12-31,Shipped,577.62
2050,188,2022-12-22,Completed,466.63
2051,20,2023-01-30,Cancelled,955.24
2052,13,2023-11-14,Completed,21.25
2053,733,2024-01-31,Cancelled,137.31
2054,861,2022-08-08,Cancelled,669.37
2055,69,2023-04-22,Completed,959.82
2056,157,2024-07-31,Completed,83.97
2057,742,2024-06-20,Pending,442.12
2058,676,2024-07-20,Completed,199.33
2059,383,2024-12-14,Completed,23.48
2060,900,2023-08-08,Shipped,908.43
2061,935,2023-05-08,Completed,270.36
2062,666,2024-07-29,Completed,346.01
2063,407,2024-11-24,Cancelled,702.32
2064,895,2023-05-18,Pending,45.6
2065,644,2024-05-24,Cancelled,824.02
2066,41,2022-10-05,Pending,634.54
2067,358,2022-12-08,Shipped,318.35
2068,823,2024-11-10,Completed,565.83
2069,616,2023-08-30,Completed,578.3
2070,195,2023-11-25,Pending,495.39
2071,280,2025-03-14,Completed,360.37
2072,128,2025-05-14,Cancelled,158.73
2073,333,2024-05-27,Cancelled,311.17
2074,765,2024-09-19,Pending,420.0
2075,74,2022-10-06,Shipped,385.06
2076,780,2023-05-07,Pending,264.79
2077,619,2022-07-01,Completed,484.54
2078,53,2023-02-02,Completed,350.43
2079,285,2022-06-08,Completed,242.11
2080,765,2023-04-02,Cancelled,844.33
2081,851,2024-11-22,Completed,288.34
2082,10,2023-07-01,Pending,698.65
2083,728,2024-05-03,Shipped,770.58
2084,911,2024-09-17,Completed,895.27
2085,344,2023-02-02,Cancelled,291.72
2086,442,2024-07-08,Completed,501.03
2087,500,2023-02-11,Cancelled,516.52
2088,87,2022-12-22,Shipped,646.2
2089,504,2022-07-07,Shipped,800.51
2090,47,2024-07-27,Pending,76.36
2091,983,2025-03-07,Completed,151.16
2092,454,2024-01-30,Cancelled,748.67
2093,731,2024-04-07,Cancelled,637.65
2094,258,2025-04-22,Shipped,904.43
2095,63,2023-06-28,Completed,32.0
2096,452,2023-12-26,Shipped,364.02
2097,567,2024-05-06,Pending,25.38
2098,469,2024-05-10,Completed,84.11
2099,239,2025-03-02,Cancelled,854.36
2100,955,2023-04-05,Cancelled,820.93
2101,401,2022-07-01,Completed,310.02
2102,595,2025-05-13,Pending,752.1
2103,248,2022-12-15,Completed,657.98
2104,446,2023-08-06,Cancelled,952.83
2105,649,2023-02-05,Cancelled,661.47
2106,477,2022-12-17,Completed,957.91
2107,963,2024-11-07,Completed,399.15
2108,287,2022-09-14,Pending,527.23
2109,891,2024-04-06,Completed,585.64
2110,974,2023-11-28,Pending,694.53
2111,956,2024-08-03,Shipped,957.91
2112,967,2024-07-26,Pending,404.28
2113,524,2025-02-25,Cancelled,382.75
2114,107,2023-03-22,Completed,203.76
2115,297,2023-08-06,Completed,314.64
2116,613,2022-11-15,Completed,312.26
2117,769,2024-02-15,Cancelled,923.89
2118,862,2022-10-26,Pending,285.45
2119,674,2023-02-11,Pending,613.95
2120,324,2024-01-02,Pending,431.97
2121,120,2023-09-15,Cancelled,820.08
2122,483,2025-04-22,Pending,400.3
2123,210,2022-10-29,Cancelled,293.93
2124,605,2024-02-19,Shipped,787.13
2125,483,2023-07-13,Pending,871.43
2126,543,2022-10-15,Shipped,530.69
2127,276,2022-12-04,Shipped,79.84
2128,298,2022-08-11,Completed,903.45
2129,641,2024-12-08,Pending,621.66
2130,894,2022-08-31,Cancelled,340.81
2131,112,2024-10-13,Cancelled,135.17
2132,955,2022-08-23,Cancelled,204.6
2133,704,2024-03-23,Completed,348.7
2134,174,2024-04-19,Pending,788.81
2135,426,2024-08-08,Shipped,88.29
2136,711,2024-07-22,Shipped,924.69
2137,449,2023-07-03,Completed,748.95
2138,386,2025-05-08,Shipped,78.91
2139,354,2023-04-03,Shipped,864.77
2140,106,2023-07-24,Completed,371.13
2141,363,2022-06-03,Pending,135.04
2142,44,2023-01-06,Shipped,404.04
2143,302,2025-01-14,Pending,434.13
2144,381,2024-12-05,Completed,131.38
2145,865,2024-06-12,Shipped,242.2
2146,278,2025-02-19,Shipped,760.14
2147,117,2023-05-08,Pending,564.09
2148,787,2024-12-31,Shipped,471.78
2149,699,2025-04-10,Cancelled,941.41
2150,938,2024-05-11,Pending,273.63
2151,267,2024-02-22,Cancelled,975.64
2152,935,2023-05-26,Shipped,34.17
2153,986,2025-01-23,Pending,449.46
2154,116,2024-02-29,Completed,77.62
2155,796,2023-03-14,Cancelled,548.32
2156,399,2023-04-27,Completed,834.34
2157,38,2025-03-24,Pending,919.37
2158,567,2023-07-10,Completed,698.99
2159,492,2024-06-10,Pending,667.77
2160,693,2022-08-26,Completed,576.34
2161,474,2024-12-03,Cancelled,893.21
2162,534,2024-10-08,Cancelled,182.24
2163,711,2023-10-28,Shipped,505.28
2164,611,2025-01-20,Cancelled,414.95
2165,668,2023-10-16,Cancelled,386.59
2166,744,2022-09-21,Pending,949.63
2167,594,2022-06-04,Cancelled,33.81
2168,878,2024-08-31,Completed,117.42
2169,450,2022-08-23,Cancelled,455.05
2170,295,2025-01-21,Completed,658.91
2171,868,2024-02-07,Pending,471.68
2172,433,2024-12-27,Cancelled,97.35
2173,170,2024-06-04,Cancelled,797.82
2174,628,2024-06-04,Shipped,807.05
2175,11,2023-09-17,Completed,625.84
2176,309,2024-04-29,Shipped,187.41
2177,192,2025-02-12,Pending,82.41
2178,645,2024-10-30,Completed,770.36
2179,317,2025-01-28,Pending,180.49
2180,178,2024-07-24,Cancelled,936.69
2181,643,2023-07-02,Shipped,42.34
2182,685,2024-02-04,Cancelled,283.33
2183,546,2023-06-21,Pending,775.24
2184,97,2025-02-15,Shipped,838.92
2185,886,2023-07-05,Cancelled,201.29
2186,631,2023-04-25,Pending,118.73
2187,384,2024-02-18,Shipped,403.58
2188,632,2022-07-11,Cancelled,258.87
2189,341,2022-10-05,Shipped,298.73
2190,384,2023-10-03,Cancelled,880.45
2191,829,2023-04-21,Pending,519.31
2192,400,2023-10-30,Completed,104.04
2193,188,2023-08-24,Completed,172.37
2194,868,2024-12-22,Completed,355.27
2195,584,2022-12-23,Cancelled,607.92
2196,866,2024-06-10,Shipped,256.97
2197,611,2024-01-31,Pending,654.22
2198,978,2025-03-11,Shipped,724.71
2199,2,2024-10-20,Pending,97.27
2200,38,2023-02-04,Shipped,393.07
2201,93,2022-05-30,Shipped,899.27
2202,712,2023-10-03,Cancelled,99.16
2203,59,2025-02-07,Completed,758.79
2204,313,2023-01-24,Completed,386.11
2205,544,2025-01-11,Shipped,852.68
2206,702,2023-07-15,Completed,920.04
2207,186,2023-03-10,Completed,175.75
2208,321,2023-07-21,Cancelled,796.21
2209,550,2022-09-25,Cancelled,374.74
2210,82,2023-05-27,Cancelled,984.04
2211,605,2023-04-25,Pending,21.32
2212,98,2023-12-21,Pending,999.77
2213,871,2022-09-04,Shipped,610.34
2214,16,2024-01-15,Cancelled,122.13
2215,989,2023-10-05,Pending,356.02
2216,181,2025-02-21,Cancelled,872.4
2217,536,2022-05-27,Completed,104.39
2218,313,2025-05-07,Cancelled,99.79
2219,850,2024-11-01,Cancelled,764.55
2220,778,2024-10-09,Completed,969.89
2221,489,2023-10-27,Cancelled,854.76
2222,731,2024-05-24,Shipped,882.66
2223,945,2023-02-09,Pending,580.91
2224,250,2023-02-01,Shipped,690.86
2225,975,2022-07-14,Pending,361.42
2226,984,2023-09-02,Pending,711.62
2227,248,2024-05-18,Shipped,889.42
2228,81,2023-09-19,Shipped,730.37
2229,550,2025-05-12,Completed,327.03
2230,442,2023-04-29,Completed,200.32
2231,29,2025-04-25,Shipped,802.85
2232,786,2022-11-23,Shipped,288.16
2233,609,2023-07-26,Completed,162.34
2234,430,2023-01-10,Shipped,315.54
2235,400,2023-05-17,Completed,667.91
2236,907,2024-08-19,Completed,13.12
2237,112,2024-08-29,Pending,393.13
2238,702,2024-10-24,Shipped,94.95
2239,495,2023-05-18,Completed,882.94
2240,839,2025-03-24,Completed,518.0
2241,509,2025-04-19,Pending,803.95
2242,436,2024-08-03,Shipped,582.89
2243,695,2023-06-14,Completed,199.48
2244,473,2024-04-03,Pending,86.57
2245,367,2024-07-28,Shipped,94.59
2246,725,2023-03-19,Pending,751.82
2247,952,2023-01-19,Cancelled,795.94
2248,871,2024-04-16,Cancelled,25.74
2249,17,2023-10-31,Cancelled,684.14
2250,90,2023-09-11,Pending,811.05
2251,982,2022-10-02,Shipped,261.36
2252,437,2025-05-21,Cancelled,616.62
2253,476,2025-01-11,Completed,143.89
2254,508,2023-06-07,Pending,883.38
2255,609,2022-07-27,Shipped,126.29
2256,732,2023-06-09,Cancelled,745.42
2257,241,2023-10-21,Completed,705.03
2258,24,2023-11-11,Pending,248.2
2259,268,2022-07-22,Completed,338.56
2260,788,2025-03-21,Completed,551.81
2261,428,2024-03-17,Shipped,489.27
2262,270,2023-05-26,Pending,448.66
2263,531,2024-09-09,Completed,284.66
2264,696,2025-02-14,Cancelled,134.51
2265,153,2023-06-08,Shipped,354.88
2266,545,2024-08-16,Completed,366.67
2267,56,2023-09-23,Shipped,866.5
2268,37,2023-04-29,Cancelled,973.76
2269,917,2025-04-18,Cancelled,54.21
2270,341,2022-05-26,Shipped,820.86
2271,682,2025-03-27,Pending,574.86
2272,695,2022-07-30,Shipped,712.76
2273,592,2024-05-22,Shipped,550.91
2274,990,2023-10-03,Cancelled,333.37
2275,376,2024-04-08,Shipped,910.77
2276,536,2025-05-17,Pending,909.71
2277,315,2022-06-25,Cancelled,804.79
2278,46,2024-11-23,Completed,706.08
2279,527,2024-05-06,Pending,826.8
2280,146,2022-11-19,Pending,203.95
2281,152,2025-05-15,Shipped,112.06
2282,160,2024-03-17,Cancelled,35.0
2283,349,2024-03-23,Completed,573.65
2284,557,2024-06-12,Completed,109.13
2285,455,2023-10-16,Cancelled,353.46
2286,67,2024-06-17,Cancelled,516.39
2287,563,2022-08-26,Cancelled,542.17
2288,898,2024-02-12,Cancelled,633.54
2289,646,2023-10-13,Shipped,60.48
2290,15,2024-02-11,Completed,968.84
2291,5,2025-03-03,Cancelled,846.69
2292,381,2023-10-24,Cancelled,660.22
2293,567,2025-01-16,Completed,614.67
2294,642,2024-01-30,Cancelled,51.9
2295,947,2022-12-22,Completed,699.25
2296,66,2024-06-27,Pending,636.4
2297,252,2025-04-07,Pending,204.5
2298,293,2023-10-02,Completed,298.38
2299,103,2025-04-21,Cancelled,394.75
2300,447,2022-11-10,Shipped,274.74
2301,827,2022-10-07,Cancelled,510.23
2302,578,2025-02-07,Cancelled,683.29
2303,433,2023-08-08,Shipped,668.14
2304,236,2024-06-07,Cancelled,722.42
2305,977,2024-10-27,Shipped,557.59
2306,231,2023-08-10,Completed,786.77
2307,968,2022-11-27,Shipped,984.27
2308,903,2023-11-07,Completed,102.96
2309,897,2024-01-18,Cancelled,528.15
2310,364,2025-03-02,Completed,714.53
2311,598,2024-06-09,Shipped,297.72
2312,414,2023-04-01,Cancelled,345.13
2313,544,2022-05-31,Pending,516.95
2314,512,2023-02-01,Completed,16.04
2315,946,2023-04-04,Cancelled,89.12
2316,990,2022-08-18,Completed,212.69
2317,187,2024-05-22,Completed,572.6
2318,610,2022-10-18,Pending,962.51
2319,695,2023-05-13,Cancelled,744.97
2320,155,2023-07-05,Cancelled,455.16
2321,319,2022-07-01,Completed,875.56
2322,661,2024-07-29,Pending,714.97
2323,972,2023-05-05,Completed,671.61
2324,517,2024-12-16,Completed,535.49
2325,757,2023-04-09,Cancelled,477.1
2326,695,2024-10-21,Pending,833.33
2327,377,2025-01-18,Cancelled,547.81
2328,792,2024-05-07,Shipped,689.58
2329,90,2025-03-04,Pending,207.7
2330,338,2024-10-15,Shipped,584.08
2331,561,2022-07-24,Pending,587.62
2332,237,2023-10-22,Pending,187.45
2333,372,2024-07-13,Cancelled,372.5
2334,908,2025-01-31,Pending,441.86
2335,191,2025-04-15,Pending,433.09
2336,334,2022-08-08,Completed,554.06
2337,190,2024-04-24,Shipped,884.63
2338,621,2022-10-23,Pending,285.62
2339,492,2024-12-29,Completed,654.21
2340,132,2025-01-09,Cancelled,919.92
2341,225,2023-01-19,Pending,731.52
2342,889,2022-09-29,Shipped,334.34
2343,433,2022-10-19,Cancelled,87.23
2344,330,2022-11-26,Cancelled,494.02
2345,664,2024-12-15,Completed,428.06
2346,254,2024-04-06,Pending,978.38
2347,321,2024-01-31,Pending,850.01
2348,126,2025-05-08,Cancelled,564.79
2349,726,2023-10-01,Pending,62.44
2350,230,2022-07-23,Cancelled,187.04
2351,153,2025-01-07,Pending,111.27
2352,360,2023-05-09,Cancelled,950.87
2353,43,2023-11-13,Cancelled,442.74
2354,268,2024-11-15,Cancelled,31.82
2355,740,2024-02-27,Completed,551.57
2356,410,2025-05-20,Completed,119.79
2357,907,2022-07-17,Cancelled,410.92
2358,179,2023-03-24,Completed,70.51
2359,532,2022-12-14,Completed,303.42
2360,901,2025-04-04,Completed,199.43
2361,792,2025-04-16,Completed,117.54
2362,294,2024-03-27,Shipped,430.99
2363,1000,2024-09-28,Shipped,515.73
2364,93,2025-03-06,Shipped,13.63
2365,605,2024-03-22,Completed,192.2
2366,538,2024-10-28,Completed,503.58
2367,786,2024-09-12,Pending,436.8
2368,514,2022-12-25,Shipped,946.59
2369,910,2024-09-20,Pending,538.74
2370,288,2022-09-30,Cancelled,607.23
2371,548,2024-12-11,Cancelled,800.66
2372,535,2025-03-03,Completed,797.95
2373,242,2023-03-08,Completed,109.83
2374,862,2023-08-30,Cancelled,277.05
2375,968,2022-12-29,Shipped,945.72
2376,322,2025-04-11,Shipped,786.26
2377,48,2023-09-05,Completed,303.12
2378,64,2024-05-15,Cancelled,255.67
2379,677,2024-04-03,Completed,947.29
2380,734,2024-02-24,Completed,404.42
2381,923,2023-12-06,Cancelled,548.33
2382,371,2024-03-12,Completed,330.78
2383,264,2023-03-28,Shipped,945.38
2384,177,2023-09-05,Completed,212.86
2385,880,2025-04-20,Completed,664.46
2386,855,2022-09-30,Completed,287.87
2387,20,2023-05-23,Shipped,290.83
2388,327,2024-09-07,Completed,47.49
2389,617,2022-06-18,Shipped,154.27
2390,424,2023-01-28,Shipped,440.12
2391,546,2025-05-20,Shipped,777.83
2392,257,2024-04-16,Shipped,949.3
2393,43,2024-06-26,Completed,150.87
2394,957,2023-07-08,Pending,650.76
2395,969,2023-05-09,Completed,42.46
2396,849,2025-03-23,Completed,207.24
2397,353,2023-07-19,Cancelled,71.75
2398,210,2022-09-06,Completed,725.07
2399,359,2023-08-07,Completed,357.56
2400,595,2024-11-01,Completed,580.23
2401,417,2023-02-02,Completed,696.84
2402,11,2023-09-27,Completed,79.11
2403,398,2024-05-13,Pending,516.94
2404,202,2025-02-16,Pending,636.92
2405,52,2023-09-27,Pending,824.19
2406,814,2025-05-13,Pending,490.04
2407,232,2024-09-08,Pending,23.42
2408,338,2022-12-20,Shipped,852.11
2409,415,2023-07-27,Completed,483.98
2410,670,2024-06-08,Pending,265.95
2411,146,2023-02-07,Completed,505.23
2412,787,2022-12-11,Cancelled,173.55
2413,917,2023-03-10,Cancelled,216.0
2414,573,2024-07-01,Cancelled,339.89
2415,283,2023-04-21,Cancelled,783.44
2416,478,2025-05-13,Pending,334.96
2417,356,2025-03-29,Completed,763.85
2418,602,2022-07-11,Cancelled,498.46
2419,850,2023-07-26,Cancelled,815.54
2420,835,2023-02-17,Shipped,350.75
2421,850,2024-01-01,Completed,562.13
2422,187,2024-04-04,Shipped,885.06
2423,72,2024-02-07,Completed,91.95
2424,52,2025-03-18,Pending,239.28
2425,475,2024-01-10,Shipped,726.1
2426,373,2023-02-02,Cancelled,584.23
2427,381,2025-01-06,Pending,783.89
2428,559,2024-01-23,Pending,821.44
2429,65,2022-06-12,Cancelled,619.44
2430,718,2023-08-26,Pending,507.28
2431,133,2024-06-20,Completed,773.44
2432,408,2023-07-09,Shipped,656.98
2433,802,2024-12-21,Cancelled,672.89
2434,656,2025-02-17,Shipped,227.56
2435,394,2024-02-03,Pending,533.51
2436,508,2024-11-03,Shipped,880.52
2437,347,2023-07-08,Shipped,320.35
2438,144,2023-06-03,Completed,388.76
2439,932,2024-09-21,Shipped,836.21
2440,345,2023-12-01,Shipped,52.99
2441,387,2023-03-11,Shipped,247.06
2442,825,2025-01-20,Cancelled,23.21
2443,878,2023-12-06,Completed,975.19
2444,447,2023-01-04,Pending,869.84
2445,685,2025-01-26,Pending,859.65
2446,979,2024-02-11,Cancelled,617.28
2447,722,2024-03-15,Completed,267.99
2448,122,2024-06-08,Cancelled,173.85
2449,609,2022-06-23,Cancelled,953.82
2450,924,2024-03-25,Shipped,427.21
2451,549,2023-10-28,Cancelled,843.93
2452,954,2022-08-31,Completed,499.81
2453,192,2022-08-31,Shipped,886.64
2454,168,2022-12-11,Shipped,32.46
2455,421,2024-07-01,Shipped,373.86
2456,144,2024-11-14,Shipped,394.14
2457,601,2023-10-08,Shipped,649.56
2458,666,2022-07-15,Shipped,477.6
2459,691,2023-09-08,Cancelled,828.56
2460,527,2022-06-04,Cancelled,946.1
2461,942,2024-04-11,Shipped,369.83
2462,8,2024-07-17,Shipped,847.27
2463,241,2023-11-20,Pending,179.91
2464,856,2024-02-13,Cancelled,916.97
2465,315,2025-05-20,Pending,60.7
2466,224,2022-06-07,Cancelled,384.62
2467,993,2024-11-20,Completed,393.62
2468,524,2022-12-13,Cancelled,783.85
2469,16,2024-04-16,Shipped,381.39
2470,107,2022-08-29,Pending,371.31
2471,557,2023-09-20,Completed,20.68
2472,815,2024-09-09,Completed,24.52
2473,375,2023-10-20,Pending,939.23
2474,563,2022-11-05,Shipped,850.27
2475,374,2025-03-10,Shipped,19.57
2476,892,2024-01-01,Completed,196.38
2477,357,2024-04-28,Completed,896.46
2478,688,2023-12-29,Completed,613.78
2479,754,2025-03-16,Shipped,585.64
2480,398,2025-05-04,Pending,345.26
2481,649,2025-02-06,Shipped,344.32
2482,86,2024-04-26,Pending,967.32
2483,938,2022-06-24,Pending,233.85
2484,959,2024-10-13,Completed,138.88
2485,468,2024-07-06,Completed,198.53
2486,184,2022-07-27,Completed,124.26
2487,976,2023-06-04,Pending,566.05
2488,519,2024-05-04,Pending,159.62
2489,86,2023-05-17,Pending,76.47
2490,57,2024-04-20,Cancelled,307.43
2491,660,2022-08-17,Pending,859.98
2492,966,2023-08-01,Completed,368.91
2493,476,2024-03-22,Cancelled,783.19
2494,135,2023-04-30,Pending,689.61
2495,83,2024-11-19,Pending,830.43
2496,471,2024-11-23,Shipped,496.03
2497,326,2022-09-22,Cancelled,629.21
2498,526,2022-11-15,Cancelled,289.54
2499,654,2023-11-15,Completed,133.63
2500,629,2023-09-11,Cancelled,605.05
